id;cap;sigla_provincia
1;00010;RM
2;00012;RM
3;00013;RM
4;00015;RM
5;00017;RM
6;00018;RM
7;00019;RM
8;00020;RM
9;00021;RM
10;00022;RM
11;00023;RM
12;00024;RM
13;00025;RM
14;00026;RM
15;00027;RM
16;00028;RM
17;00029;RM
18;00030;RM
19;00031;RM
20;00032;RM
21;00033;RM
22;00034;RM
23;00035;RM
24;00036;RM
25;00037;RM
26;00038;RM
27;00039;RM
28;00040;RM
29;00041;RM
30;00042;RM
31;00043;RM
32;00044;RM
33;00045;RM
34;00046;RM
35;00047;RM
36;00048;RM
37;00049;RM
38;00051;RM
39;00052;RM
40;00053;RM
41;00054;RM
42;00055;RM
43;00058;RM
44;00059;RM
45;00060;RM
46;00061;RM
47;00062;RM
48;00063;RM
49;00065;RM
50;00066;RM
51;00067;RM
52;00068;RM
53;00069;RM
54;00071;RM
55;00072;RM
56;00073;RM
57;00074;RM
58;00075;RM
59;00076;RM
60;00077;RM
61;00078;RM
62;00079;RM
63;00118;RM
64;00119;RM
65;00120;RM
66;00121;RM
67;00122;RM
68;00123;RM
69;00124;RM
70;00125;RM
71;00126;RM
72;00127;RM
73;00128;RM
74;00131;RM
75;00132;RM
76;00133;RM
77;00134;RM
78;00135;RM
79;00136;RM
80;00137;RM
81;00138;RM
82;00139;RM
83;00141;RM
84;00142;RM
85;00143;RM
86;00144;RM
87;00145;RM
88;00146;RM
89;00147;RM
90;00148;RM
91;00149;RM
92;00151;RM
93;00152;RM
94;00153;RM
95;00154;RM
96;00155;RM
97;00156;RM
98;00157;RM
99;00158;RM
100;00159;RM
101;00161;RM
102;00162;RM
103;00163;RM
104;00164;RM
105;00165;RM
106;00166;RM
107;00167;RM
108;00168;RM
109;00169;RM
110;00171;RM
111;00172;RM
112;00173;RM
113;00174;RM
114;00175;RM
115;00176;RM
116;00177;RM
117;00178;RM
118;00179;RM
119;00181;RM
120;00182;RM
121;00183;RM
122;00184;RM
123;00185;RM
124;00186;RM
125;00187;RM
126;00188;RM
127;00189;RM
128;00191;RM
129;00192;RM
130;00193;RM
131;00195;RM
132;00196;RM
133;00197;RM
134;00198;RM
135;00199;RM
136;01010;VT
137;01011;VT
138;01012;VT
139;01014;VT
140;01015;VT
141;01016;VT
142;01017;VT
143;01018;VT
144;01019;VT
145;01020;VT
146;01021;VT
147;01022;VT
148;01023;VT
149;01024;VT
150;01025;VT
151;01027;VT
152;01028;VT
153;01030;VT
154;01032;VT
155;01033;VT
156;01034;VT
157;01035;VT
158;01036;VT
159;01037;VT
160;01038;VT
161;01039;VT
162;01100;VT
163;02010;RI
164;02011;RI
165;02012;RI
166;02013;RI
167;02014;RI
168;02015;RI
169;02016;RI
170;02018;RI
171;02019;RI
172;02020;RI
173;02021;RI
174;02022;RI
175;02023;RI
176;02024;RI
177;02025;RI
178;02026;RI
179;02030;RI
180;02031;RI
181;02032;RI
182;02033;RI
183;02034;RI
184;02035;RI
185;02037;RI
186;02038;RI
187;02039;RI
188;02040;RI
189;02041;RI
190;02042;RI
191;02043;RI
192;02044;RI
193;02045;RI
194;02046;RI
195;02047;RI
196;02048;RI
197;02049;RI
198;02100;RI
199;03010;FR
200;03011;FR
201;03012;FR
202;03013;FR
203;03014;FR
204;03016;FR
205;03017;FR
206;03018;FR
207;03019;FR
208;03020;FR
209;03021;FR
210;03022;FR
211;03023;FR
212;03024;FR
213;03025;FR
214;03026;FR
215;03027;FR
216;03028;FR
217;03029;FR
218;03030;FR
219;03031;FR
220;03032;FR
221;03033;FR
222;03034;FR
223;03035;FR
224;03036;FR
225;03037;FR
226;03038;FR
227;03039;FR
228;03040;FR
229;03041;FR
230;03042;FR
231;03043;FR
232;03044;FR
233;03045;FR
234;03046;FR
235;03047;FR
236;03048;FR
237;03049;FR
238;03100;FR
239;04010;LT
240;04011;LT
241;04012;LT
242;04013;LT
243;04014;LT
244;04015;LT
245;04016;LT
246;04017;LT
247;04018;LT
248;04019;LT
249;04020;LT
250;04021;LT
251;04022;LT
252;04023;LT
253;04024;LT
254;04025;LT
255;04026;LT
256;04027;LT
257;04029;LT
258;04031;LT
259;04100;LT
260;05010;TR
261;05011;TR
262;05012;TR
263;05013;TR
264;05014;TR
265;05015;TR
266;05016;TR
267;05017;TR
268;05018;TR
269;05020;TR
270;05021;TR
271;05022;TR
272;05023;TR
273;05024;TR
274;05025;TR
275;05026;TR
276;05028;TR
277;05029;TR
278;05030;TR
279;05031;TR
280;05032;TR
281;05034;TR
282;05035;TR
283;05039;TR
284;05100;TR
285;06010;PG
286;06012;PG
287;06014;PG
288;06016;PG
289;06019;PG
290;06021;PG
291;06022;PG
292;06023;PG
293;06024;PG
294;06025;PG
295;06026;PG
296;06027;PG
297;06028;PG
298;06029;PG
299;06030;PG
300;06031;PG
301;06033;PG
302;06034;PG
303;06035;PG
304;06036;PG
305;06038;PG
306;06039;PG
307;06040;PG
308;06041;PG
309;06042;PG
310;06043;PG
311;06044;PG
312;06045;PG
313;06046;PG
314;06047;PG
315;06049;PG
316;06050;PG
317;06053;PG
318;06054;PG
319;06055;PG
320;06056;PG
321;06057;PG
322;06059;PG
323;06060;PG
324;06061;PG
325;06062;PG
326;06063;PG
327;06064;PG
328;06065;PG
329;06066;PG
330;06069;PG
331;06073;PG
332;06081;PG
333;06083;PG
334;06084;PG
335;06089;PG
336;06121;PG
337;06122;PG
338;06123;PG
339;06124;PG
340;06125;PG
341;06126;PG
342;06127;PG
343;06128;PG
344;06129;PG
345;06131;PG
346;06132;PG
347;06133;PG
348;06134;PG
349;06135;PG
350;07010;SS
351;07011;SS
352;07012;SS
353;07013;SS
354;07014;SS
355;07015;SS
356;07016;SS
357;07017;SS
358;07018;SS
359;07019;SS
360;07020;SS
361;07021;SS
362;07022;SS
363;07023;SS
364;07024;SS
365;07025;SS
366;07026;SS
367;07027;SS
368;07028;SS
369;07029;SS
370;07030;SS
371;07031;SS
372;07032;SS
373;07033;SS
374;07034;SS
375;07035;SS
376;07036;SS
377;07037;SS
378;07038;SS
379;07039;SS
380;07040;SS
381;07041;SS
382;07043;SS
383;07044;SS
384;07045;SS
385;07046;SS
386;07047;SS
387;07048;SS
388;07049;SS
389;07051;SS
390;07052;SS
391;07100;SS
392;08010;NU
393;08011;NU
394;08012;NU
395;08015;NU
396;08016;NU
397;08017;NU
398;08018;NU
399;08020;NU
400;08021;NU
401;08022;NU
402;08023;NU
403;08024;NU
404;08025;NU
405;08026;NU
406;08027;NU
407;08028;NU
408;08029;NU
409;08030;NU
410;08031;NU
411;08032;NU
412;08036;NU
413;08038;NU
414;08039;NU
415;08040;NU
416;08042;NU
417;08044;NU
418;08045;NU
419;08046;NU
420;08047;NU
421;08048;NU
422;08049;NU
423;08100;NU
424;09010;SU
425;09011;SU
426;09012;CA
427;09013;SU
428;09014;SU
429;09015;SU
430;09016;SU
431;09017;SU
432;09018;CA
433;09019;SU
434;09020;SU
435;09021;SU
436;09022;SU
437;09023;SU
438;09024;SU
439;09025;SU
440;09026;SU
441;09027;SU
442;09028;CA
443;09029;SU
444;09030;SU
445;09031;SU
446;09032;CA
447;09033;CA
448;09034;SU
449;09035;SU
450;09036;SU
451;09037;SU
452;09038;SU
453;09039;SU
454;09040;SU
455;09041;SU
456;09042;CA
457;09043;SU
458;09044;CA
459;09045;CA
460;09047;CA
461;09048;CA
462;09049;SU
463;09050;CA
464;09051;SU
465;09052;SU
466;09053;SU
467;09054;SU
468;09055;SU
469;09056;SU
470;09057;SU
471;09058;SU
472;09059;SU
473;09060;CA
474;09061;SU
475;09062;SU
476;09063;SU
477;09064;SU
478;09065;SU
479;09066;SU
480;09067;CA
481;09068;CA
482;09069;CA
483;09070;OR
484;09071;OR
485;09072;OR
486;09073;OR
487;09074;OR
488;09075;OR
489;09076;OR
490;09077;OR
491;09078;OR
492;09079;OR
493;09080;OR
494;09081;OR
495;09082;OR
496;09083;OR
497;09084;OR
498;09085;OR
499;09086;OR
500;09088;OR
501;09089;OR
502;09090;OR
503;09091;OR
504;09092;OR
505;09093;OR
506;09094;OR
507;09095;OR
508;09096;OR
509;09097;OR
510;09098;OR
511;09099;OR
512;09121;CA
513;09122;CA
514;09123;CA
515;09124;CA
516;09125;CA
517;09126;CA
518;09127;CA
519;09128;CA
520;09129;CA
521;09131;CA
522;09134;CA
523;09170;OR
524;10010;TO
525;10011;TO
526;10012;TO
527;10013;TO
528;10014;TO
529;10015;TO
530;10016;TO
531;10017;TO
532;10018;TO
533;10019;TO
534;10020;TO
535;10022;TO
536;10023;TO
537;10024;TO
538;10025;TO
539;10026;TO
540;10028;TO
541;10029;TO
542;10030;TO
543;10031;TO
544;10032;TO
545;10034;TO
546;10035;TO
547;10036;TO
548;10037;TO
549;10038;TO
550;10039;TO
551;10040;TO
552;10041;TO
553;10042;TO
554;10043;TO
555;10044;TO
556;10045;TO
557;10046;TO
558;10048;TO
559;10050;TO
560;10051;TO
561;10052;TO
562;10053;TO
563;10054;TO
564;10055;TO
565;10056;TO
566;10057;TO
567;10058;TO
568;10059;TO
569;10060;TO
570;10061;TO
571;10062;TO
572;10063;TO
573;10064;TO
574;10065;TO
575;10066;TO
576;10067;TO
577;10068;TO
578;10069;TO
579;10070;TO
580;10071;TO
581;10072;TO
582;10073;TO
583;10074;TO
584;10075;TO
585;10076;TO
586;10077;TO
587;10078;TO
588;10079;TO
589;10080;TO
590;10081;TO
591;10082;TO
592;10083;TO
593;10084;TO
594;10085;TO
595;10086;TO
596;10087;TO
597;10088;TO
598;10089;TO
599;10090;TO
600;10091;TO
601;10092;TO
602;10093;TO
603;10094;TO
604;10095;TO
605;10098;TO
606;10099;TO
607;10121;TO
608;10122;TO
609;10123;TO
610;10124;TO
611;10125;TO
612;10126;TO
613;10127;TO
614;10128;TO
615;10129;TO
616;10131;TO
617;10132;TO
618;10133;TO
619;10134;TO
620;10135;TO
621;10136;TO
622;10137;TO
623;10138;TO
624;10139;TO
625;10141;TO
626;10142;TO
627;10143;TO
628;10144;TO
629;10145;TO
630;10146;TO
631;10147;TO
632;10148;TO
633;10149;TO
634;10151;TO
635;10152;TO
636;10153;TO
637;10154;TO
638;10155;TO
639;10156;TO
640;11010;AO
641;11011;AO
642;11012;AO
643;11013;AO
644;11014;AO
645;11015;AO
646;11016;AO
647;11017;AO
648;11018;AO
649;11020;AO
650;11022;AO
651;11023;AO
652;11024;AO
653;11025;AO
654;11026;AO
655;11027;AO
656;11028;AO
657;11029;AO
658;11100;AO
659;12010;CN
660;12011;CN
661;12012;CN
662;12013;CN
663;12014;CN
664;12015;CN
665;12016;CN
666;12017;CN
667;12018;CN
668;12019;CN
669;12020;CN
670;12021;CN
671;12022;CN
672;12023;CN
673;12024;CN
674;12025;CN
675;12026;CN
676;12027;CN
677;12028;CN
678;12029;CN
679;12030;CN
680;12031;CN
681;12032;CN
682;12033;CN
683;12034;CN
684;12035;CN
685;12036;CN
686;12037;CN
687;12038;CN
688;12039;CN
689;12040;CN
690;12041;CN
691;12042;CN
692;12043;CN
693;12044;CN
694;12045;CN
695;12046;CN
696;12047;CN
697;12048;CN
698;12049;CN
699;12050;CN
700;12051;CN
701;12052;CN
702;12053;CN
703;12054;CN
704;12055;CN
705;12056;CN
706;12058;CN
707;12060;CN
708;12061;CN
709;12062;CN
710;12063;CN
711;12064;CN
712;12065;CN
713;12066;CN
714;12068;CN
715;12069;CN
716;12070;CN
717;12071;CN
718;12072;CN
719;12073;CN
720;12074;CN
721;12075;CN
722;12076;CN
723;12077;CN
724;12078;CN
725;12079;CN
726;12080;CN
727;12081;CN
728;12082;CN
729;12083;CN
730;12084;CN
731;12087;CN
732;12088;CN
733;12089;CN
734;12100;CN
735;13010;VC
736;13011;VC
737;13012;VC
738;13017;VC
739;13018;VC
740;13019;VC
741;13020;VC
742;13021;VC
743;13022;VC
744;13023;VC
745;13024;VC
746;13025;VC
747;13026;VC
748;13027;VC
749;13028;VC
750;13029;VC
751;13030;VC
752;13031;VC
753;13032;VC
754;13033;VC
755;13034;VC
756;13035;VC
757;13036;VC
758;13037;VC
759;13038;VC
760;13039;VC
761;13040;VC
762;13041;VC
763;13043;VC
764;13044;VC
765;13045;VC
766;13046;VC
767;13047;VC
768;13048;VC
769;13049;VC
770;13060;VC
771;13100;VC
772;13811;BI
773;13812;BI
774;13814;BI
775;13815;BI
776;13816;BI
777;13817;BI
778;13818;BI
779;13821;BI
780;13823;BI
781;13824;BI
782;13831;BI
783;13833;BI
784;13835;BI
785;13836;BI
786;13841;BI
787;13843;BI
788;13844;BI
789;13845;BI
790;13847;BI
791;13848;BI
792;13851;BI
793;13853;BI
794;13854;BI
795;13855;BI
796;13856;BI
797;13861;BI
798;13862;BI
799;13863;BI
800;13864;BI
801;13865;BI
802;13866;BI
803;13867;BI
804;13868;BI
805;13871;BI
806;13872;BI
807;13873;BI
808;13874;BI
809;13875;BI
810;13876;BI
811;13877;BI
812;13878;BI
813;13881;BI
814;13882;BI
815;13883;BI
816;13884;BI
817;13885;BI
818;13886;BI
819;13887;BI
820;13888;BI
821;13891;BI
822;13893;BI
823;13894;BI
824;13895;BI
825;13896;BI
826;13897;BI
827;13898;BI
828;13899;BI
829;13900;BI
830;14010;AT
831;14011;AT
832;14012;AT
833;14013;AT
834;14014;AT
835;14015;AT
836;14016;AT
837;14017;AT
838;14018;AT
839;14019;AT
840;14020;AT
841;14021;AT
842;14022;AT
843;14023;AT
844;14024;AT
845;14025;AT
846;14026;AT
847;14030;AT
848;14031;AT
849;14032;AT
850;14033;AT
851;14034;AT
852;14035;AT
853;14036;AT
854;14037;AT
855;14039;AT
856;14040;AT
857;14041;AT
858;14042;AT
859;14043;AT
860;14044;AT
861;14045;AT
862;14046;AT
863;14047;AT
864;14048;AT
865;14049;AT
866;14050;AT
867;14051;AT
868;14052;AT
869;14053;AT
870;14054;AT
871;14055;AT
872;14057;AT
873;14058;AT
874;14059;AT
875;14100;AT
876;15010;AL
877;15011;AL
878;15012;AL
879;15013;AL
880;15015;AL
881;15016;AL
882;15017;AL
883;15018;AL
884;15019;AL
885;15020;AL
886;15021;AL
887;15022;AL
888;15023;AL
889;15024;AL
890;15025;AL
891;15026;AL
892;15027;AL
893;15028;AL
894;15029;AL
895;15030;AL
896;15031;AL
897;15032;AL
898;15033;AL
899;15034;AL
900;15035;AL
901;15036;AL
902;15037;AL
903;15038;AL
904;15039;AL
905;15040;AL
906;15041;AL
907;15042;AL
908;15043;AL
909;15044;AL
910;15045;AL
911;15046;AL
912;15047;AL
913;15048;AL
914;15049;AL
915;15050;AL
916;15051;AL
917;15052;AL
918;15053;AL
919;15054;AL
920;15055;AL
921;15056;AL
922;15057;AL
923;15058;AL
924;15059;AL
925;15060;AL
926;15061;AL
927;15062;AL
928;15063;AL
929;15064;AL
930;15065;AL
931;15066;AL
932;15067;AL
933;15068;AL
934;15069;AL
935;15070;AL
936;15071;AL
937;15072;AL
938;15073;AL
939;15074;AL
940;15075;AL
941;15076;AL
942;15077;AL
943;15078;AL
944;15079;AL
945;15121;AL
946;15122;AL
947;16010;GE
948;16011;GE
949;16012;GE
950;16013;GE
951;16014;GE
952;16015;GE
953;16016;GE
954;16017;GE
955;16018;GE
956;16019;GE
957;16020;GE
958;16021;GE
959;16022;GE
960;16023;GE
961;16024;GE
962;16025;GE
963;16026;GE
964;16027;GE
965;16028;GE
966;16029;GE
967;16030;GE
968;16031;GE
969;16032;GE
970;16033;GE
971;16034;GE
972;16035;GE
973;16036;GE
974;16038;GE
975;16039;GE
976;16040;GE
977;16041;GE
978;16042;GE
979;16043;GE
980;16044;GE
981;16045;GE
982;16046;GE
983;16047;GE
984;16048;GE
985;16049;GE
986;16121;GE
987;16122;GE
988;16123;GE
989;16124;GE
990;16125;GE
991;16126;GE
992;16127;GE
993;16128;GE
994;16129;GE
995;16131;GE
996;16132;GE
997;16133;GE
998;16134;GE
999;16135;GE
1000;16136;GE
1001;16137;GE
1002;16138;GE
1003;16139;GE
1004;16141;GE
1005;16142;GE
1006;16143;GE
1007;16144;GE
1008;16145;GE
1009;16146;GE
1010;16147;GE
1011;16148;GE
1012;16149;GE
1013;16151;GE
1014;16152;GE
1015;16153;GE
1016;16154;GE
1017;16155;GE
1018;16156;GE
1019;16157;GE
1020;16158;GE
1021;16159;GE
1022;16161;GE
1023;16162;GE
1024;16163;GE
1025;16164;GE
1026;16165;GE
1027;16166;GE
1028;16167;GE
1029;17010;SV
1030;17011;SV
1031;17012;SV
1032;17013;SV
1033;17014;SV
1034;17015;SV
1035;17017;SV
1036;17019;SV
1037;17020;SV
1038;17021;SV
1039;17022;SV
1040;17023;SV
1041;17024;SV
1042;17025;SV
1043;17026;SV
1044;17027;SV
1045;17028;SV
1046;17030;SV
1047;17031;SV
1048;17032;SV
1049;17033;SV
1050;17034;SV
1051;17035;SV
1052;17037;SV
1053;17038;SV
1054;17039;SV
1055;17040;SV
1056;17041;SV
1057;17042;SV
1058;17043;SV
1059;17044;SV
1060;17045;SV
1061;17046;SV
1062;17047;SV
1063;17048;SV
1064;17051;SV
1065;17052;SV
1066;17053;SV
1067;17054;SV
1068;17055;SV
1069;17056;SV
1070;17057;SV
1071;17058;SV
1072;17100;SV
1073;18010;IM
1074;18011;IM
1075;18012;IM
1076;18013;IM
1077;18014;IM
1078;18015;IM
1079;18016;IM
1080;18017;IM
1081;18018;IM
1082;18019;IM
1083;18020;IM
1084;18021;IM
1085;18022;IM
1086;18023;IM
1087;18024;IM
1088;18025;CN
1089;18026;IM
1090;18027;IM
1091;18028;IM
1092;18030;IM
1093;18031;IM
1094;18032;IM
1095;18033;IM
1096;18034;IM
1097;18035;IM
1098;18036;IM
1099;18037;IM
1100;18038;IM
1101;18039;IM
1102;18100;IM
1103;19010;SP
1104;19011;SP
1105;19012;SP
1106;19013;SP
1107;19014;SP
1108;19015;SP
1109;19016;SP
1110;19017;SP
1111;19018;SP
1112;19020;SP
1113;19021;SP
1114;19025;SP
1115;19028;SP
1116;19031;SP
1117;19032;SP
1118;19033;SP
1119;19034;SP
1120;19037;SP
1121;19038;SP
1122;19121;SP
1123;19122;SP
1124;19123;SP
1125;19124;SP
1126;19125;SP
1127;19126;SP
1128;19131;SP
1129;19132;SP
1130;19133;SP
1131;19134;SP
1132;19135;SP
1133;19136;SP
1134;19137;SP
1135;20001;MI
1136;20002;MI
1137;20003;MI
1138;20004;MI
1139;20005;MI
1140;20006;MI
1141;20007;MI
1142;20008;MI
1143;20009;MI
1144;20010;MI
1145;20011;MI
1146;20012;MI
1147;20013;MI
1148;20014;MI
1149;20015;MI
1150;20016;MI
1151;20017;MI
1152;20018;MI
1153;20019;MI
1154;20020;MI
1155;20021;MI
1156;20022;MI
1157;20023;MI
1158;20024;MI
1159;20025;MI
1160;20026;MI
1161;20027;MI
1162;20028;MI
1163;20029;MI
1164;20030;MI
1165;20031;MI
1166;20032;MI
1167;20033;MI
1168;20034;MI
1169;20035;MI
1170;20036;MI
1171;20037;MI
1172;20038;MI
1173;20039;MI
1174;20040;MI
1175;20041;MI
1176;20042;MI
1177;20043;MI
1178;20044;MI
1179;20045;MI
1180;20046;MI
1181;20047;MI
1182;20048;MI
1183;20049;MI
1184;20050;MI
1185;20051;MI
1186;20052;MI
1187;20053;MI
1188;20054;MI
1189;20055;MI
1190;20056;MI
1191;20057;MI
1192;20058;MI
1193;20059;MI
1194;20060;MI
1195;20061;MI
1196;20062;MI
1197;20063;MI
1198;20064;MI
1199;20065;MI
1200;20066;MI
1201;20067;MI
1202;20068;MI
1203;20069;MI
1204;20070;MI
1205;20071;MI
1206;20072;MI
1207;20073;MI
1208;20074;MI
1209;20075;MI
1210;20076;MI
1211;20077;MI
1212;20078;MI
1213;20079;MI
1214;20080;MI
1215;20081;MI
1216;20082;MI
1217;20083;MI
1218;20084;MI
1219;20085;MI
1220;20086;MI
1221;20087;MI
1222;20088;MI
1223;20089;MI
1224;20090;MI
1225;20091;MI
1226;20092;MI
1227;20093;MI
1228;20094;MI
1229;20095;MI
1230;20096;MI
1231;20097;MI
1232;20098;MI
1233;20099;MI
1234;20121;MI
1235;20122;MI
1236;20123;MI
1237;20124;MI
1238;20125;MI
1239;20126;MI
1240;20127;MI
1241;20128;MI
1242;20129;MI
1243;20131;MI
1244;20132;MI
1245;20133;MI
1246;20134;MI
1247;20135;MI
1248;20136;MI
1249;20137;MI
1250;20138;MI
1251;20139;MI
1252;20141;MI
1253;20142;MI
1254;20143;MI
1255;20144;MI
1256;20145;MI
1257;20146;MI
1258;20147;MI
1259;20148;MI
1260;20149;MI
1261;20151;MI
1262;20152;MI
1263;20153;MI
1264;20154;MI
1265;20155;MI
1266;20156;MI
1267;20157;MI
1268;20158;MI
1269;20159;MI
1270;20161;MI
1271;20162;MI
1272;20811;MB
1273;20812;MB
1274;20813;MB
1275;20814;MB
1276;20815;MB
1277;20816;MB
1278;20821;MB
1279;20822;MB
1280;20823;MB
1281;20824;MB
1282;20825;MB
1283;20826;MB
1284;20831;MB
1285;20832;MB
1286;20833;MB
1287;20834;MB
1288;20835;MB
1289;20836;MB
1290;20837;MB
1291;20838;MB
1292;20841;MB
1293;20842;MB
1294;20843;MB
1295;20844;MB
1296;20845;MB
1297;20846;MB
1298;20847;MB
1299;20851;MB
1300;20852;MB
1301;20853;MB
1302;20854;MB
1303;20855;MB
1304;20856;MB
1305;20857;MB
1306;20861;MB
1307;20862;MB
1308;20863;MB
1309;20864;MB
1310;20865;MB
1311;20866;MB
1312;20867;MB
1313;20871;MB
1314;20872;MB
1315;20873;MB
1316;20874;MB
1317;20875;MB
1318;20876;MB
1319;20877;MB
1320;20881;MB
1321;20882;MB
1322;20883;MB
1323;20884;MB
1324;20885;MB
1325;20886;MB
1326;20900;MB
1327;21010;VA
1328;21011;VA
1329;21012;VA
1330;21013;VA
1331;21014;VA
1332;21015;VA
1333;21016;VA
1334;21017;VA
1335;21018;VA
1336;21019;VA
1337;21020;VA
1338;21021;VA
1339;21022;VA
1340;21023;VA
1341;21024;VA
1342;21025;VA
1343;21026;VA
1344;21027;VA
1345;21028;VA
1346;21029;VA
1347;21030;VA
1348;21031;VA
1349;21032;VA
1350;21033;VA
1351;21034;VA
1352;21035;VA
1353;21036;VA
1354;21037;VA
1355;21038;VA
1356;21039;VA
1357;21040;VA
1358;21041;VA
1359;21042;VA
1360;21043;VA
1361;21044;VA
1362;21045;VA
1363;21046;VA
1364;21047;VA
1365;21048;VA
1366;21049;VA
1367;21050;VA
1368;21051;VA
1369;21052;VA
1370;21053;VA
1371;21054;VA
1372;21055;VA
1373;21056;VA
1374;21057;VA
1375;21058;VA
1376;21059;VA
1377;21061;VA
1378;21062;VA
1379;21100;VA
1380;22010;CO
1381;22011;CO
1382;22012;CO
1383;22013;CO
1384;22014;CO
1385;22015;CO
1386;22016;CO
1387;22017;CO
1388;22018;CO
1389;22020;CO
1390;22021;CO
1391;22023;CO
1392;22024;CO
1393;22025;CO
1394;22026;CO
1395;22028;CO
1396;22030;CO
1397;22031;CO
1398;22032;CO
1399;22033;CO
1400;22034;CO
1401;22035;CO
1402;22036;CO
1403;22037;CO
1404;22038;CO
1405;22039;CO
1406;22040;CO
1407;22041;CO
1408;22042;CO
1409;22043;CO
1410;22044;CO
1411;22045;CO
1412;22046;CO
1413;22060;CO
1414;22061;CO
1415;22063;CO
1416;22066;CO
1417;22069;CO
1418;22070;CO
1419;22071;CO
1420;22072;CO
1421;22073;CO
1422;22074;CO
1423;22075;CO
1424;22076;CO
1425;22077;CO
1426;22078;CO
1427;22079;CO
1428;22100;CO
1429;23009;SO
1430;23010;SO
1431;23011;SO
1432;23012;SO
1433;23013;SO
1434;23014;SO
1435;23015;SO
1436;23016;SO
1437;23017;SO
1438;23018;SO
1439;23019;SO
1440;23020;SO
1441;23021;SO
1442;23022;SO
1443;23023;SO
1444;23024;SO
1445;23025;SO
1446;23026;SO
1447;23027;SO
1448;23029;SO
1449;23030;SO
1450;23031;SO
1451;23032;SO
1452;23033;SO
1453;23034;SO
1454;23035;SO
1455;23036;SO
1456;23037;SO
1457;23038;SO
1458;23041;SO
1459;23100;SO
1460;23801;LC
1461;23802;LC
1462;23804;LC
1463;23805;LC
1464;23807;LC
1465;23808;LC
1466;23811;LC
1467;23813;LC
1468;23814;LC
1469;23815;LC
1470;23816;LC
1471;23817;LC
1472;23818;LC
1473;23819;LC
1474;23821;LC
1475;23822;LC
1476;23823;LC
1477;23824;LC
1478;23825;LC
1479;23826;LC
1480;23827;LC
1481;23828;LC
1482;23829;LC
1483;23831;LC
1484;23832;LC
1485;23833;LC
1486;23834;LC
1487;23835;LC
1488;23836;LC
1489;23837;LC
1490;23841;LC
1491;23842;LC
1492;23843;LC
1493;23844;LC
1494;23845;LC
1495;23846;LC
1496;23847;LC
1497;23848;LC
1498;23849;LC
1499;23851;LC
1500;23852;LC
1501;23854;LC
1502;23855;LC
1503;23857;LC
1504;23861;LC
1505;23862;LC
1506;23864;LC
1507;23865;LC
1508;23867;LC
1509;23868;LC
1510;23870;LC
1511;23871;LC
1512;23873;LC
1513;23874;LC
1514;23875;LC
1515;23876;LC
1516;23877;LC
1517;23879;LC
1518;23880;LC
1519;23881;LC
1520;23883;LC
1521;23884;LC
1522;23885;LC
1523;23886;LC
1524;23887;LC
1525;23888;LC
1526;23889;LC
1527;23890;LC
1528;23891;LC
1529;23892;LC
1530;23893;LC
1531;23894;LC
1532;23895;LC
1533;23896;LC
1534;23897;LC
1535;23898;LC
1536;23899;LC
1537;23900;LC
1538;24010;BG
1539;24011;BG
1540;24012;BG
1541;24013;BG
1542;24014;BG
1543;24015;BG
1544;24016;BG
1545;24017;BG
1546;24018;BG
1547;24019;BG
1548;24020;BG
1549;24021;BG
1550;24022;BG
1551;24023;BG
1552;24024;BG
1553;24025;BG
1554;24026;BG
1555;24027;BG
1556;24028;BG
1557;24029;BG
1558;24030;BG
1559;24031;BG
1560;24032;BG
1561;24033;BG
1562;24034;BG
1563;24035;BG
1564;24036;BG
1565;24037;BG
1566;24038;BG
1567;24039;BG
1568;24040;BG
1569;24041;BG
1570;24042;BG
1571;24043;BG
1572;24044;BG
1573;24045;BG
1574;24046;BG
1575;24047;BG
1576;24048;BG
1577;24049;BG
1578;24050;BG
1579;24051;BG
1580;24052;BG
1581;24053;BG
1582;24054;BG
1583;24055;BG
1584;24056;BG
1585;24057;BG
1586;24058;BG
1587;24059;BG
1588;24060;BG
1589;24061;BG
1590;24062;BG
1591;24063;BG
1592;24064;BG
1593;24065;BG
1594;24066;BG
1595;24067;BG
1596;24068;BG
1597;24069;BG
1598;24121;BG
1599;24122;BG
1600;24123;BG
1601;24124;BG
1602;24125;BG
1603;24126;BG
1604;24127;BG
1605;24128;BG
1606;24129;BG
1607;25010;BS
1608;25011;BS
1609;25012;BS
1610;25013;BS
1611;25014;BS
1612;25015;BS
1613;25016;BS
1614;25017;BS
1615;25018;BS
1616;25019;BS
1617;25020;BS
1618;25021;BS
1619;25022;BS
1620;25023;BS
1621;25024;BS
1622;25025;BS
1623;25026;BS
1624;25027;BS
1625;25028;BS
1626;25029;BS
1627;25030;BS
1628;25031;BS
1629;25032;BS
1630;25033;BS
1631;25034;BS
1632;25035;BS
1633;25036;BS
1634;25037;BS
1635;25038;BS
1636;25039;BS
1637;25040;BS
1638;25042;BS
1639;25043;BS
1640;25044;BS
1641;25045;BS
1642;25046;BS
1643;25047;BS
1644;25048;BS
1645;25049;BS
1646;25050;BS
1647;25051;BS
1648;25052;BS
1649;25053;BS
1650;25054;BS
1651;25055;BS
1652;25056;BS
1653;25057;BS
1654;25058;BS
1655;25059;BS
1656;25060;BS
1657;25061;BS
1658;25062;BS
1659;25063;BS
1660;25064;BS
1661;25065;BS
1662;25068;BS
1663;25069;BS
1664;25070;BS
1665;25071;BS
1666;25072;BS
1667;25073;BS
1668;25074;BS
1669;25075;BS
1670;25076;BS
1671;25077;BS
1672;25078;BS
1673;25079;BS
1674;25080;BS
1675;25081;BS
1676;25082;BS
1677;25083;BS
1678;25084;BS
1679;25085;BS
1680;25086;BS
1681;25087;BS
1682;25088;BS
1683;25089;BS
1684;25121;BS
1685;25122;BS
1686;25123;BS
1687;25124;BS
1688;25125;BS
1689;25126;BS
1690;25127;BS
1691;25128;BS
1692;25129;BS
1693;25131;BS
1694;25132;BS
1695;25133;BS
1696;25134;BS
1697;25135;BS
1698;25136;BS
1699;26010;CR
1700;26011;CR
1701;26012;CR
1702;26013;CR
1703;26014;CR
1704;26015;CR
1705;26016;CR
1706;26017;CR
1707;26018;CR
1708;26019;CR
1709;26020;CR
1710;26021;CR
1711;26022;CR
1712;26023;CR
1713;26024;CR
1714;26025;CR
1715;26026;CR
1716;26027;CR
1717;26028;CR
1718;26029;CR
1719;26030;CR
1720;26031;CR
1721;26032;CR
1722;26033;CR
1723;26034;CR
1724;26035;CR
1725;26036;CR
1726;26037;CR
1727;26038;CR
1728;26039;CR
1729;26040;CR
1730;26041;CR
1731;26042;CR
1732;26043;CR
1733;26044;CR
1734;26045;CR
1735;26046;CR
1736;26047;CR
1737;26048;CR
1738;26049;CR
1739;26100;CR
1740;26811;LO
1741;26812;LO
1742;26813;LO
1743;26814;LO
1744;26815;LO
1745;26816;LO
1746;26817;LO
1747;26818;LO
1748;26821;LO
1749;26822;LO
1750;26823;LO
1751;26824;LO
1752;26825;LO
1753;26826;LO
1754;26827;LO
1755;26828;LO
1756;26831;LO
1757;26832;LO
1758;26833;LO
1759;26834;LO
1760;26835;LO
1761;26836;LO
1762;26837;LO
1763;26838;LO
1764;26839;LO
1765;26841;LO
1766;26842;LO
1767;26843;LO
1768;26844;LO
1769;26845;LO
1770;26846;LO
1771;26847;LO
1772;26848;LO
1773;26849;LO
1774;26851;LO
1775;26852;LO
1776;26853;LO
1777;26854;LO
1778;26855;LO
1779;26856;LO
1780;26857;LO
1781;26858;LO
1782;26859;LO
1783;26861;LO
1784;26862;LO
1785;26863;LO
1786;26864;LO
1787;26865;LO
1788;26866;LO
1789;26867;LO
1790;26900;LO
1791;27010;PV
1792;27011;PV
1793;27012;PV
1794;27013;PV
1795;27014;PV
1796;27015;PV
1797;27016;PV
1798;27017;PV
1799;27018;PV
1800;27019;PV
1801;27020;PV
1802;27021;PV
1803;27022;PV
1804;27023;PV
1805;27024;PV
1806;27025;PV
1807;27026;PV
1808;27027;PV
1809;27028;PV
1810;27029;PV
1811;27030;PV
1812;27031;PV
1813;27032;PV
1814;27034;PV
1815;27035;PV
1816;27036;PV
1817;27037;PV
1818;27038;PV
1819;27039;PV
1820;27040;PV
1821;27041;PV
1822;27042;PV
1823;27043;PV
1824;27044;PV
1825;27045;PV
1826;27046;PV
1827;27047;PV
1828;27048;PV
1829;27049;PV
1830;27050;PV
1831;27051;PV
1832;27052;PV
1833;27053;PV
1834;27054;PV
1835;27055;PV
1836;27056;PV
1837;27057;PV
1838;27058;PV
1839;27059;PV
1840;27061;PV
1841;27100;PV
1842;28010;NO
1843;28011;NO
1844;28012;NO
1845;28013;NO
1846;28014;NO
1847;28015;NO
1848;28016;NO
1849;28017;NO
1850;28019;NO
1851;28021;NO
1852;28024;NO
1853;28028;NO
1854;28040;NO
1855;28041;NO
1856;28043;NO
1857;28045;NO
1858;28046;NO
1859;28047;NO
1860;28050;NO
1861;28053;NO
1862;28060;NO
1863;28061;NO
1864;28062;NO
1865;28064;NO
1866;28065;NO
1867;28066;NO
1868;28068;NO
1869;28069;NO
1870;28070;NO
1871;28071;NO
1872;28072;NO
1873;28073;NO
1874;28074;NO
1875;28075;NO
1876;28076;NO
1877;28077;NO
1878;28078;NO
1879;28079;NO
1880;28100;NO
1881;28801;VB
1882;28802;VB
1883;28803;VB
1884;28804;VB
1885;28805;VB
1886;28811;VB
1887;28812;VB
1888;28813;VB
1889;28814;VB
1890;28815;VB
1891;28816;VB
1892;28817;VB
1893;28818;VB
1894;28819;VB
1895;28821;VB
1896;28822;VB
1897;28823;VB
1898;28824;VB
1899;28826;VB
1900;28827;VB
1901;28828;VB
1902;28831;VB
1903;28832;VB
1904;28833;VB
1905;28836;VB
1906;28838;VB
1907;28841;VB
1908;28842;VB
1909;28843;VB
1910;28844;VB
1911;28845;VB
1912;28846;VB
1913;28851;VB
1914;28852;VB
1915;28853;VB
1916;28854;VB
1917;28855;VB
1918;28856;VB
1919;28857;VB
1920;28858;VB
1921;28859;VB
1922;28861;VB
1923;28862;VB
1924;28863;VB
1925;28864;VB
1926;28865;VB
1927;28866;VB
1928;28868;VB
1929;28871;VB
1930;28873;VB
1931;28875;VB
1932;28876;VB
1933;28877;VB
1934;28879;VB
1935;28881;VB
1936;28883;VB
1937;28884;VB
1938;28885;VB
1939;28886;VB
1940;28887;VB
1941;28891;VB
1942;28893;VB
1943;28894;VB
1944;28895;VB
1945;28896;VB
1946;28897;VB
1947;28898;VB
1948;28899;VB
1949;28921;VB
1950;28922;VB
1951;28923;VB
1952;28924;VB
1953;28925;VB
1954;29010;PC
1955;29011;PC
1956;29012;PC
1957;29013;PC
1958;29014;PC
1959;29015;PC
1960;29016;PC
1961;29017;PC
1962;29018;PC
1963;29019;PC
1964;29020;PC
1965;29021;PC
1966;29022;PC
1967;29023;PC
1968;29024;PC
1969;29025;PC
1970;29026;PC
1971;29027;PC
1972;29028;PC
1973;29029;PC
1974;29031;PC
1975;29121;PC
1976;29122;PC
1977;30010;VE
1978;30013;VE
1979;30014;VE
1980;30015;VE
1981;30016;VE
1982;30020;VE
1983;30021;VE
1984;30022;VE
1985;30023;VE
1986;30024;VE
1987;30025;VE
1988;30026;VE
1989;30027;VE
1990;30028;VE
1991;30029;VE
1992;30030;VE
1993;30031;VE
1994;30032;VE
1995;30033;VE
1996;30034;VE
1997;30035;VE
1998;30036;VE
1999;30037;VE
2000;30038;VE
2001;30039;VE
2002;30121;VE
2003;30122;VE
2004;30123;VE
2005;30124;VE
2006;30125;VE
2007;30126;VE
2008;30132;VE
2009;30133;VE
2010;30135;VE
2011;30141;VE
2012;30142;VE
2013;30171;VE
2014;30172;VE
2015;30173;VE
2016;30174;VE
2017;30175;VE
2018;30176;VE
2019;31010;TV
2020;31011;TV
2021;31012;TV
2022;31013;TV
2023;31014;TV
2024;31015;TV
2025;31016;TV
2026;31017;TV
2027;31018;TV
2028;31020;TV
2029;31021;TV
2030;31022;TV
2031;31023;TV
2032;31024;TV
2033;31025;TV
2034;31026;TV
2035;31027;TV
2036;31028;TV
2037;31029;TV
2038;31030;TV
2039;31031;TV
2040;31032;TV
2041;31033;TV
2042;31034;TV
2043;31035;TV
2044;31036;TV
2045;31037;TV
2046;31038;TV
2047;31039;TV
2048;31040;TV
2049;31041;TV
2050;31043;TV
2051;31044;TV
2052;31045;TV
2053;31046;TV
2054;31047;TV
2055;31048;TV
2056;31049;TV
2057;31050;TV
2058;31051;TV
2059;31052;TV
2060;31053;TV
2061;31054;TV
2062;31055;TV
2063;31056;TV
2064;31057;TV
2065;31058;TV
2066;31059;TV
2067;31100;TV
2068;32010;BL
2069;32012;BL
2070;32013;BL
2071;32014;BL
2072;32016;BL
2073;32020;BL
2074;32021;BL
2075;32022;BL
2076;32023;BL
2077;32026;BL
2078;32027;BL
2079;32030;BL
2080;32032;BL
2081;32033;BL
2082;32034;BL
2083;32035;BL
2084;32036;BL
2085;32037;BL
2086;32040;BL
2087;32041;BL
2088;32042;BL
2089;32043;BL
2090;32044;BL
2091;32045;BL
2092;32046;BL
2093;32100;BL
2094;33010;UD
2095;33011;UD
2096;33012;UD
2097;33013;UD
2098;33014;UD
2099;33015;UD
2100;33016;UD
2101;33017;UD
2102;33018;UD
2103;33019;UD
2104;33020;UD
2105;33021;UD
2106;33022;UD
2107;33023;UD
2108;33024;UD
2109;33025;UD
2110;33026;UD
2111;33027;UD
2112;33028;UD
2113;33029;UD
2114;33030;UD
2115;33031;UD
2116;33032;UD
2117;33033;UD
2118;33034;UD
2119;33035;UD
2120;33036;UD
2121;33037;UD
2122;33038;UD
2123;33039;UD
2124;33040;UD
2125;33041;UD
2126;33042;UD
2127;33043;UD
2128;33044;UD
2129;33045;UD
2130;33046;UD
2131;33047;UD
2132;33048;UD
2133;33049;UD
2134;33050;UD
2135;33051;UD
2136;33052;UD
2137;33053;UD
2138;33054;UD
2139;33055;UD
2140;33056;UD
2141;33057;UD
2142;33058;UD
2143;33059;UD
2144;33061;UD
2145;33070;PN
2146;33072;PN
2147;33074;PN
2148;33075;PN
2149;33076;PN
2150;33077;PN
2151;33078;PN
2152;33079;PN
2153;33080;PN
2154;33081;PN
2155;33082;PN
2156;33083;PN
2157;33084;PN
2158;33085;PN
2159;33086;PN
2160;33087;PN
2161;33090;PN
2162;33092;PN
2163;33094;PN
2164;33095;PN
2165;33097;PN
2166;33098;PN
2167;33099;PN
2168;33100;UD
2169;33170;PN
2170;34010;TS
2171;34011;TS
2172;34015;TS
2173;34016;TS
2174;34018;TS
2175;34070;GO
2176;34071;GO
2177;34072;GO
2178;34073;GO
2179;34074;GO
2180;34075;GO
2181;34076;GO
2182;34077;GO
2183;34078;GO
2184;34079;GO
2185;34121;TS
2186;34122;TS
2187;34123;TS
2188;34124;TS
2189;34125;TS
2190;34126;TS
2191;34127;TS
2192;34128;TS
2193;34129;TS
2194;34131;TS
2195;34132;TS
2196;34133;TS
2197;34134;TS
2198;34135;TS
2199;34136;TS
2200;34137;TS
2201;34138;TS
2202;34139;TS
2203;34141;TS
2204;34142;TS
2205;34143;TS
2206;34144;TS
2207;34145;TS
2208;34146;TS
2209;34147;TS
2210;34148;TS
2211;34149;TS
2212;34151;TS
2213;34170;GO
2214;35010;PD
2215;35011;PD
2216;35012;PD
2217;35013;PD
2218;35014;PD
2219;35015;PD
2220;35016;PD
2221;35017;PD
2222;35018;PD
2223;35019;PD
2224;35020;PD
2225;35021;PD
2226;35022;PD
2227;35023;PD
2228;35024;PD
2229;35025;PD
2230;35026;PD
2231;35027;PD
2232;35028;PD
2233;35029;PD
2234;35030;PD
2235;35031;PD
2236;35032;PD
2237;35034;PD
2238;35035;PD
2239;35036;PD
2240;35037;PD
2241;35038;PD
2242;35040;PD
2243;35041;PD
2244;35042;PD
2245;35043;PD
2246;35044;PD
2247;35045;PD
2248;35046;PD
2249;35047;PD
2250;35048;PD
2251;35121;PD
2252;35122;PD
2253;35123;PD
2254;35124;PD
2255;35125;PD
2256;35126;PD
2257;35127;PD
2258;35128;PD
2259;35129;PD
2260;35131;PD
2261;35132;PD
2262;35133;PD
2263;35134;PD
2264;35135;PD
2265;35136;PD
2266;35137;PD
2267;35138;PD
2268;35139;PD
2269;35141;PD
2270;35142;PD
2271;35143;PD
2272;36010;VI
2273;36011;VI
2274;36012;VI
2275;36013;VI
2276;36014;VI
2277;36015;VI
2278;36016;VI
2279;36020;VI
2280;36021;VI
2281;36022;VI
2282;36023;VI
2283;36024;VI
2284;36025;VI
2285;36026;VI
2286;36027;VI
2287;36028;VI
2288;36029;VI
2289;36030;VI
2290;36031;VI
2291;36032;VI
2292;36033;VI
2293;36034;VI
2294;36035;VI
2295;36036;VI
2296;36040;VI
2297;36042;VI
2298;36043;VI
2299;36044;VI
2300;36045;VI
2301;36046;VI
2302;36047;VI
2303;36048;VI
2304;36050;VI
2305;36051;VI
2306;36052;VI
2307;36053;VI
2308;36054;VI
2309;36055;VI
2310;36056;VI
2311;36057;VI
2312;36060;VI
2313;36061;VI
2314;36063;VI
2315;36064;VI
2316;36065;VI
2317;36066;VI
2318;36070;VI
2319;36071;VI
2320;36072;VI
2321;36073;VI
2322;36075;VI
2323;36076;VI
2324;36077;VI
2325;36078;VI
2326;36100;VI
2327;37010;VR
2328;37011;VR
2329;37012;VR
2330;37013;VR
2331;37014;VR
2332;37015;VR
2333;37016;VR
2334;37017;VR
2335;37018;VR
2336;37019;VR
2337;37020;VR
2338;37021;VR
2339;37022;VR
2340;37023;VR
2341;37024;VR
2342;37026;VR
2343;37028;VR
2344;37029;VR
2345;37030;VR
2346;37031;VR
2347;37032;VR
2348;37035;VR
2349;37036;VR
2350;37038;VR
2351;37039;VR
2352;37040;VR
2353;37041;VR
2354;37042;VR
2355;37043;VR
2356;37044;VR
2357;37045;VR
2358;37046;VR
2359;37047;VR
2360;37049;VR
2361;37050;VR
2362;37051;VR
2363;37052;VR
2364;37053;VR
2365;37054;VR
2366;37055;VR
2367;37056;VR
2368;37057;VR
2369;37058;VR
2370;37059;VR
2371;37060;VR
2372;37063;VR
2373;37064;VR
2374;37066;VR
2375;37067;VR
2376;37068;VR
2377;37069;VR
2378;37121;VR
2379;37122;VR
2380;37123;VR
2381;37124;VR
2382;37125;VR
2383;37126;VR
2384;37127;VR
2385;37128;VR
2386;37129;VR
2387;37131;VR
2388;37132;VR
2389;37133;VR
2390;37134;VR
2391;37135;VR
2392;37136;VR
2393;37137;VR
2394;37138;VR
2395;37139;VR
2396;37141;VR
2397;37142;VR
2398;38010;TN
2399;38011;TN
2400;38012;TN
2401;38013;TN
2402;38015;TN
2403;38016;TN
2404;38017;TN
2405;38018;TN
2406;38019;TN
2407;38020;TN
2408;38022;TN
2409;38023;TN
2410;38024;TN
2411;38025;TN
2412;38026;TN
2413;38027;TN
2414;38028;TN
2415;38029;TN
2416;38030;TN
2417;38031;TN
2418;38032;TN
2419;38033;TN
2420;38034;TN
2421;38035;TN
2422;38036;TN
2423;38037;TN
2424;38038;TN
2425;38040;TN
2426;38041;TN
2427;38042;TN
2428;38043;TN
2429;38045;TN
2430;38046;TN
2431;38047;TN
2432;38048;TN
2433;38049;TN
2434;38050;TN
2435;38051;TN
2436;38052;TN
2437;38053;TN
2438;38054;TN
2439;38055;TN
2440;38056;TN
2441;38057;TN
2442;38059;TN
2443;38060;TN
2444;38061;TN
2445;38062;TN
2446;38063;TN
2447;38064;TN
2448;38065;TN
2449;38066;TN
2450;38067;TN
2451;38068;TN
2452;38069;TN
2453;38070;TN
2454;38071;TN
2455;38073;TN
2456;38074;TN
2457;38075;TN
2458;38076;TN
2459;38077;TN
2460;38078;TN
2461;38079;TN
2462;38080;TN
2463;38082;TN
2464;38083;TN
2465;38085;TN
2466;38086;TN
2467;38087;TN
2468;38088;TN
2469;38089;TN
2470;38091;TN
2471;38092;TN
2472;38093;TN
2473;38094;TN
2474;38095;TN
2475;38096;TN
2476;38097;TN
2477;38098;TN
2478;38099;TN
2479;38121;TN
2480;38122;TN
2481;38123;TN
2482;39010;BZ
2483;39011;BZ
2484;39012;BZ
2485;39013;BZ
2486;39014;BZ
2487;39015;BZ
2488;39016;BZ
2489;39017;BZ
2490;39018;BZ
2491;39019;BZ
2492;39020;BZ
2493;39021;BZ
2494;39022;BZ
2495;39023;BZ
2496;39024;BZ
2497;39025;BZ
2498;39026;BZ
2499;39027;BZ
2500;39028;BZ
2501;39029;BZ
2502;39030;BZ
2503;39031;BZ
2504;39032;BZ
2505;39033;BZ
2506;39034;BZ
2507;39035;BZ
2508;39036;BZ
2509;39037;BZ
2510;39038;BZ
2511;39039;BZ
2512;39040;BZ
2513;39041;BZ
2514;39042;BZ
2515;39043;BZ
2516;39044;BZ
2517;39045;BZ
2518;39046;BZ
2519;39047;BZ
2520;39048;BZ
2521;39049;BZ
2522;39050;BZ
2523;39051;BZ
2524;39052;BZ
2525;39053;BZ
2526;39054;BZ
2527;39055;BZ
2528;39056;BZ
2529;39057;BZ
2530;39058;BZ
2531;39100;BZ
2532;40010;BO
2533;40011;BO
2534;40012;BO
2535;40013;BO
2536;40014;BO
2537;40015;BO
2538;40016;BO
2539;40017;BO
2540;40018;BO
2541;40019;BO
2542;40020;BO
2543;40021;BO
2544;40022;BO
2545;40023;BO
2546;40024;BO
2547;40025;BO
2548;40026;BO
2549;40027;BO
2550;40030;BO
2551;40032;BO
2552;40033;BO
2553;40034;BO
2554;40035;BO
2555;40036;BO
2556;40037;BO
2557;40038;BO
2558;40041;BO
2559;40042;BO
2560;40043;BO
2561;40046;BO
2562;40048;BO
2563;40050;BO
2564;40051;BO
2565;40052;BO
2566;40053;BO
2567;40054;BO
2568;40055;BO
2569;40057;BO
2570;40059;BO
2571;40060;BO
2572;40061;BO
2573;40062;BO
2574;40063;BO
2575;40064;BO
2576;40065;BO
2577;40066;BO
2578;40068;BO
2579;40069;BO
2580;40121;BO
2581;40122;BO
2582;40123;BO
2583;40124;BO
2584;40125;BO
2585;40126;BO
2586;40127;BO
2587;40128;BO
2588;40129;BO
2589;40131;BO
2590;40132;BO
2591;40133;BO
2592;40134;BO
2593;40135;BO
2594;40136;BO
2595;40137;BO
2596;40138;BO
2597;40139;BO
2598;40141;BO
2599;41011;MO
2600;41012;MO
2601;41013;MO
2602;41014;MO
2603;41015;MO
2604;41016;MO
2605;41017;MO
2606;41018;MO
2607;41019;MO
2608;41020;MO
2609;41021;MO
2610;41022;MO
2611;41023;MO
2612;41025;MO
2613;41026;MO
2614;41027;MO
2615;41028;MO
2616;41029;MO
2617;41030;MO
2618;41031;MO
2619;41032;MO
2620;41033;MO
2621;41034;MO
2622;41036;MO
2623;41037;MO
2624;41038;MO
2625;41039;MO
2626;41040;MO
2627;41042;MO
2628;41043;MO
2629;41044;MO
2630;41045;MO
2631;41046;MO
2632;41048;MO
2633;41049;MO
2634;41051;MO
2635;41052;MO
2636;41053;MO
2637;41054;MO
2638;41055;MO
2639;41056;MO
2640;41057;MO
2641;41058;MO
2642;41059;MO
2643;41121;MO
2644;41122;MO
2645;41123;MO
2646;41124;MO
2647;41125;MO
2648;41126;MO
2649;42010;RE
2650;42011;RE
2651;42012;RE
2652;42013;RE
2653;42014;RE
2654;42015;RE
2655;42016;RE
2656;42017;RE
2657;42018;RE
2658;42019;RE
2659;42020;RE
2660;42021;RE
2661;42022;RE
2662;42023;RE
2663;42024;RE
2664;42025;RE
2665;42026;RE
2666;42027;RE
2667;42028;RE
2668;42030;RE
2669;42031;RE
2670;42032;RE
2671;42033;RE
2672;42034;RE
2673;42035;RE
2674;42040;RE
2675;42041;RE
2676;42042;RE
2677;42043;RE
2678;42044;RE
2679;42045;RE
2680;42046;RE
2681;42047;RE
2682;42048;RE
2683;42049;RE
2684;42121;RE
2685;42122;RE
2686;42123;RE
2687;42124;RE
2688;43010;PR
2689;43011;PR
2690;43012;PR
2691;43013;PR
2692;43014;PR
2693;43015;PR
2694;43016;PR
2695;43017;PR
2696;43018;PR
2697;43019;PR
2698;43021;PR
2699;43022;PR
2700;43024;PR
2701;43025;PR
2702;43028;PR
2703;43029;PR
2704;43030;PR
2705;43032;PR
2706;43035;PR
2707;43036;PR
2708;43037;PR
2709;43038;PR
2710;43039;PR
2711;43040;PR
2712;43041;PR
2713;43042;PR
2714;43043;PR
2715;43044;PR
2716;43045;PR
2717;43046;PR
2718;43047;PR
2719;43049;PR
2720;43050;PR
2721;43051;PR
2722;43052;PR
2723;43053;PR
2724;43056;PR
2725;43058;PR
2726;43059;PR
2727;43121;PR
2728;43122;PR
2729;43123;PR
2730;43124;PR
2731;43125;PR
2732;43126;PR
2733;44011;FE
2734;44012;FE
2735;44015;FE
2736;44019;FE
2737;44020;FE
2738;44021;FE
2739;44022;FE
2740;44023;FE
2741;44026;FE
2742;44027;FE
2743;44028;FE
2744;44033;FE
2745;44034;FE
2746;44037;FE
2747;44039;FE
2748;44042;FE
2749;44047;FE
2750;44049;FE
2751;44121;FE
2752;44122;FE
2753;44123;FE
2754;44124;FE
2755;45010;RO
2756;45011;RO
2757;45012;RO
2758;45014;RO
2759;45015;RO
2760;45017;RO
2761;45018;RO
2762;45019;RO
2763;45020;RO
2764;45021;RO
2765;45022;RO
2766;45023;RO
2767;45024;RO
2768;45025;RO
2769;45026;RO
2770;45027;RO
2771;45030;RO
2772;45031;RO
2773;45032;RO
2774;45033;RO
2775;45034;RO
2776;45035;RO
2777;45036;RO
2778;45037;RO
2779;45038;RO
2780;45039;RO
2781;45100;RO
2782;46010;MN
2783;46011;MN
2784;46012;MN
2785;46013;MN
2786;46014;MN
2787;46017;MN
2788;46018;MN
2789;46019;MN
2790;46020;MN
2791;46021;MN
2792;46023;MN
2793;46024;MN
2794;46025;MN
2795;46026;MN
2796;46027;MN
2797;46028;MN
2798;46029;MN
2799;46030;MN
2800;46031;MN
2801;46032;MN
2802;46033;MN
2803;46034;MN
2804;46035;MN
2805;46036;MN
2806;46037;MN
2807;46039;MN
2808;46040;MN
2809;46041;MN
2810;46042;MN
2811;46043;MN
2812;46044;MN
2813;46045;MN
2814;46046;MN
2815;46047;MN
2816;46048;MN
2817;46049;MN
2818;46051;MN
2819;46100;MN
2820;47010;FC
2821;47011;FC
2822;47012;FC
2823;47013;FC
2824;47014;FC
2825;47015;FC
2826;47016;FC
2827;47017;FC
2828;47018;FC
2829;47019;FC
2830;47020;FC
2831;47021;FC
2832;47025;FC
2833;47027;FC
2834;47028;FC
2835;47030;FC
2836;47032;FC
2837;47034;FC
2838;47035;FC
2839;47039;FC
2840;47042;FC
2841;47043;FC
2842;47121;FC
2843;47122;FC
2844;47521;FC
2845;47522;FC
2846;47814;RN
2847;47822;RN
2848;47824;RN
2849;47826;RN
2850;47832;RN
2851;47833;RN
2852;47834;RN
2853;47835;RN
2854;47836;RN
2855;47837;RN
2856;47838;RN
2857;47841;RN
2858;47842;RN
2859;47843;RN
2860;47853;RN
2861;47854;RN
2862;47855;RN
2863;47861;RN
2864;47862;RN
2865;47863;RN
2866;47864;RN
2867;47865;RN
2868;47866;RN
2869;47867;RN
2870;47868;RN
2871;47869;RN
2872;47921;RN
2873;47922;RN
2874;47923;RN
2875;47924;RN
2876;48011;RA
2877;48012;RA
2878;48013;RA
2879;48014;RA
2880;48015;RA
2881;48017;RA
2882;48018;RA
2883;48020;RA
2884;48022;RA
2885;48024;RA
2886;48025;RA
2887;48026;RA
2888;48027;RA
2889;48031;RA
2890;48032;RA
2891;48033;RA
2892;48034;RA
2893;48121;RA
2894;48122;RA
2895;48123;RA
2896;48124;RA
2897;48125;RA
2898;50012;FI
2899;50013;FI
2900;50014;FI
2901;50018;FI
2902;50019;FI
2903;50022;FI
2904;50023;FI
2905;50025;FI
2906;50026;FI
2907;50028;FI
2908;50031;FI
2909;50032;FI
2910;50033;FI
2911;50034;FI
2912;50035;FI
2913;50036;FI
2914;50038;FI
2915;50039;FI
2916;50041;FI
2917;50050;FI
2918;50051;FI
2919;50052;FI
2920;50053;FI
2921;50054;FI
2922;50055;FI
2923;50056;FI
2924;50058;FI
2925;50059;FI
2926;50060;FI
2927;50062;FI
2928;50063;FI
2929;50065;FI
2930;50066;FI
2931;50067;FI
2932;50068;FI
2933;50121;FI
2934;50122;FI
2935;50123;FI
2936;50124;FI
2937;50125;FI
2938;50126;FI
2939;50127;FI
2940;50129;FI
2941;50131;FI
2942;50132;FI
2943;50133;FI
2944;50134;FI
2945;50135;FI
2946;50136;FI
2947;50137;FI
2948;50139;FI
2949;50141;FI
2950;50142;FI
2951;50143;FI
2952;50144;FI
2953;50145;FI
2954;51010;PT
2955;51011;PT
2956;51013;PT
2957;51015;PT
2958;51016;PT
2959;51017;PT
2960;51018;PT
2961;51019;PT
2962;51020;PT
2963;51024;PT
2964;51028;PT
2965;51031;PT
2966;51034;PT
2967;51035;PT
2968;51036;PT
2969;51037;PT
2970;51039;PT
2971;51100;PT
2972;52010;AR
2973;52011;AR
2974;52014;AR
2975;52015;AR
2976;52016;AR
2977;52018;AR
2978;52019;AR
2979;52021;AR
2980;52022;AR
2981;52024;AR
2982;52025;AR
2983;52026;AR
2984;52027;AR
2985;52028;AR
2986;52029;AR
2987;52031;AR
2988;52032;AR
2989;52033;AR
2990;52035;AR
2991;52036;AR
2992;52037;AR
2993;52038;AR
2994;52041;AR
2995;52043;AR
2996;52044;AR
2997;52045;AR
2998;52046;AR
2999;52047;AR
3000;52048;AR
3001;52100;AR
3002;53011;SI
3003;53012;SI
3004;53013;SI
3005;53014;SI
3006;53015;SI
3007;53016;SI
3008;53017;SI
3009;53018;SI
3010;53019;SI
3011;53020;SI
3012;53021;SI
3013;53022;SI
3014;53023;SI
3015;53024;SI
3016;53025;SI
3017;53026;SI
3018;53027;SI
3019;53030;SI
3020;53031;SI
3021;53034;SI
3022;53035;SI
3023;53036;SI
3024;53037;SI
3025;53040;SI
3026;53041;SI
3027;53042;SI
3028;53043;SI
3029;53045;SI
3030;53047;SI
3031;53048;SI
3032;53049;SI
3033;53100;SI
3034;54010;MS
3035;54011;MS
3036;54012;MS
3037;54013;MS
3038;54014;MS
3039;54015;MS
3040;54016;MS
3041;54021;MS
3042;54023;MS
3043;54026;MS
3044;54027;MS
3045;54028;MS
3046;54029;MS
3047;54033;MS
3048;54035;MS
3049;54038;MS
3050;54100;MS
3051;55011;LU
3052;55012;LU
3053;55015;LU
3054;55016;LU
3055;55019;LU
3056;55020;LU
3057;55021;LU
3058;55022;LU
3059;55023;LU
3060;55025;LU
3061;55027;LU
3062;55030;LU
3063;55031;LU
3064;55032;LU
3065;55033;LU
3066;55034;LU
3067;55035;LU
3068;55036;LU
3069;55038;LU
3070;55039;LU
3071;55040;LU
3072;55041;LU
3073;55042;LU
3074;55045;LU
3075;55047;LU
3076;55049;LU
3077;55051;LU
3078;55054;LU
3079;55064;LU
3080;55100;LU
3081;56010;PI
3082;56011;PI
3083;56012;PI
3084;56017;PI
3085;56019;PI
3086;56020;PI
3087;56021;PI
3088;56022;PI
3089;56025;PI
3090;56028;PI
3091;56029;PI
3092;56030;PI
3093;56031;PI
3094;56032;PI
3095;56033;PI
3096;56034;PI
3097;56035;PI
3098;56036;PI
3099;56037;PI
3100;56038;PI
3101;56040;PI
3102;56041;PI
3103;56042;PI
3104;56043;PI
3105;56045;PI
3106;56046;PI
3107;56048;PI
3108;56121;PI
3109;56122;PI
3110;56123;PI
3111;56124;PI
3112;56125;PI
3113;56126;PI
3114;56127;PI
3115;56128;PI
3116;57014;LI
3117;57016;LI
3118;57020;LI
3119;57021;LI
3120;57022;LI
3121;57023;LI
3122;57025;LI
3123;57027;LI
3124;57028;LI
3125;57030;LI
3126;57031;LI
3127;57032;LI
3128;57033;LI
3129;57034;LI
3130;57036;LI
3131;57037;LI
3132;57038;LI
3133;57121;LI
3134;57122;LI
3135;57123;LI
3136;57124;LI
3137;57125;LI
3138;57126;LI
3139;57127;LI
3140;57128;LI
3141;58010;GR
3142;58011;GR
3143;58012;GR
3144;58014;GR
3145;58015;GR
3146;58017;GR
3147;58019;GR
3148;58020;GR
3149;58022;GR
3150;58023;GR
3151;58024;GR
3152;58025;GR
3153;58026;GR
3154;58031;GR
3155;58033;GR
3156;58034;GR
3157;58036;GR
3158;58037;GR
3159;58038;GR
3160;58042;GR
3161;58043;GR
3162;58044;GR
3163;58045;GR
3164;58051;GR
3165;58053;GR
3166;58054;GR
3167;58055;GR
3168;58100;GR
3169;59013;PO
3170;59015;PO
3171;59016;PO
3172;59021;PO
3173;59024;PO
3174;59025;PO
3175;59100;PO
3176;60010;AN
3177;60011;AN
3178;60012;AN
3179;60013;AN
3180;60015;AN
3181;60018;AN
3182;60019;AN
3183;60020;AN
3184;60021;AN
3185;60022;AN
3186;60024;AN
3187;60025;AN
3188;60026;AN
3189;60027;AN
3190;60030;AN
3191;60031;AN
3192;60033;AN
3193;60034;AN
3194;60035;AN
3195;60036;AN
3196;60037;AN
3197;60038;AN
3198;60039;AN
3199;60040;AN
3200;60041;AN
3201;60043;AN
3202;60044;AN
3203;60048;AN
3204;60121;AN
3205;60122;AN
3206;60123;AN
3207;60124;AN
3208;60125;AN
3209;60126;AN
3210;60127;AN
3211;60128;AN
3212;60129;AN
3213;60131;AN
3214;61010;PU
3215;61011;PU
3216;61012;PU
3217;61013;PU
3218;61020;PU
3219;61021;PU
3220;61022;PU
3221;61023;PU
3222;61024;PU
3223;61025;PU
3224;61026;PU
3225;61028;PU
3226;61029;PU
3227;61030;PU
3228;61032;PU
3229;61033;PU
3230;61034;PU
3231;61036;PU
3232;61037;PU
3233;61038;PU
3234;61039;PU
3235;61040;PU
3236;61041;PU
3237;61042;PU
3238;61043;PU
3239;61044;PU
3240;61045;PU
3241;61046;PU
3242;61047;PU
3243;61048;PU
3244;61049;PU
3245;61121;PU
3246;61122;PU
3247;62010;MC
3248;62011;MC
3249;62012;MC
3250;62014;MC
3251;62015;MC
3252;62017;MC
3253;62018;MC
3254;62019;MC
3255;62020;MC
3256;62021;MC
3257;62022;MC
3258;62024;MC
3259;62025;MC
3260;62026;MC
3261;62027;MC
3262;62028;MC
3263;62029;MC
3264;62031;MC
3265;62032;MC
3266;62034;MC
3267;62035;MC
3268;62036;MC
3269;62038;MC
3270;62039;MC
3271;62100;MC
3272;63061;AP
3273;63062;AP
3274;63063;AP
3275;63064;AP
3276;63065;AP
3277;63066;AP
3278;63067;AP
3279;63068;AP
3280;63069;AP
3281;63071;AP
3282;63072;AP
3283;63073;AP
3284;63074;AP
3285;63075;AP
3286;63076;AP
3287;63077;AP
3288;63078;AP
3289;63079;AP
3290;63081;AP
3291;63082;AP
3292;63083;AP
3293;63084;AP
3294;63085;AP
3295;63086;AP
3296;63087;AP
3297;63088;AP
3298;63091;AP
3299;63092;AP
3300;63093;AP
3301;63094;AP
3302;63095;AP
3303;63096;AP
3304;63100;AP
3305;63811;FM
3306;63812;FM
3307;63813;FM
3308;63814;FM
3309;63815;FM
3310;63816;FM
3311;63821;FM
3312;63822;FM
3313;63823;FM
3314;63824;FM
3315;63825;FM
3316;63826;FM
3317;63827;FM
3318;63828;FM
3319;63831;FM
3320;63832;FM
3321;63833;FM
3322;63834;FM
3323;63835;FM
3324;63836;FM
3325;63837;FM
3326;63838;FM
3327;63839;FM
3328;63841;FM
3329;63842;FM
3330;63843;FM
3331;63844;FM
3332;63845;FM
3333;63846;FM
3334;63847;FM
3335;63848;FM
3336;63851;FM
3337;63852;FM
3338;63853;FM
3339;63854;FM
3340;63855;FM
3341;63856;FM
3342;63857;FM
3343;63858;FM
3344;63900;FM
3345;64010;TE
3346;64011;TE
3347;64012;TE
3348;64013;TE
3349;64014;TE
3350;64015;TE
3351;64016;TE
3352;64018;TE
3353;64020;TE
3354;64021;TE
3355;64023;TE
3356;64024;TE
3357;64025;TE
3358;64026;TE
3359;64027;TE
3360;64028;TE
3361;64030;TE
3362;64031;TE
3363;64032;TE
3364;64033;TE
3365;64034;TE
3366;64035;TE
3367;64036;TE
3368;64037;TE
3369;64039;TE
3370;64040;TE
3371;64041;TE
3372;64042;TE
3373;64043;TE
3374;64044;TE
3375;64045;TE
3376;64046;TE
3377;64047;TE
3378;64049;TE
3379;64100;TE
3380;65010;PE
3381;65011;PE
3382;65012;PE
3383;65013;PE
3384;65014;PE
3385;65015;PE
3386;65017;PE
3387;65019;PE
3388;65020;PE
3389;65022;PE
3390;65023;PE
3391;65024;PE
3392;65025;PE
3393;65026;PE
3394;65027;PE
3395;65028;PE
3396;65029;PE
3397;65121;PE
3398;65122;PE
3399;65123;PE
3400;65124;PE
3401;65125;PE
3402;65126;PE
3403;65127;PE
3404;65128;PE
3405;65129;PE
3406;66010;CH
3407;66011;CH
3408;66012;CH
3409;66014;CH
3410;66015;CH
3411;66016;CH
3412;66017;CH
3413;66018;CH
3414;66019;CH
3415;66020;CH
3416;66021;CH
3417;66022;CH
3418;66023;CH
3419;66026;CH
3420;66030;CH
3421;66031;CH
3422;66032;CH
3423;66033;CH
3424;66034;CH
3425;66036;CH
3426;66037;CH
3427;66038;CH
3428;66040;CH
3429;66041;CH
3430;66042;CH
3431;66043;CH
3432;66044;CH
3433;66045;CH
3434;66046;CH
3435;66047;CH
3436;66050;CH
3437;66051;CH
3438;66052;CH
3439;66054;CH
3440;66100;CH
3441;67010;AQ
3442;67012;AQ
3443;67013;AQ
3444;67014;AQ
3445;67015;AQ
3446;67017;AQ
3447;67019;AQ
3448;67020;AQ
3449;67021;AQ
3450;67022;AQ
3451;67023;AQ
3452;67024;AQ
3453;67025;AQ
3454;67026;AQ
3455;67027;AQ
3456;67028;AQ
3457;67029;AQ
3458;67030;AQ
3459;67031;AQ
3460;67032;AQ
3461;67033;AQ
3462;67034;AQ
3463;67035;AQ
3464;67036;AQ
3465;67037;AQ
3466;67038;AQ
3467;67039;AQ
3468;67040;AQ
3469;67041;AQ
3470;67043;AQ
3471;67044;AQ
3472;67045;AQ
3473;67046;AQ
3474;67047;AQ
3475;67048;AQ
3476;67049;AQ
3477;67050;AQ
3478;67051;AQ
3479;67052;AQ
3480;67053;AQ
3481;67054;AQ
3482;67055;AQ
3483;67056;AQ
3484;67057;AQ
3485;67058;AQ
3486;67059;AQ
3487;67060;AQ
3488;67061;AQ
3489;67062;AQ
3490;67063;AQ
3491;67064;AQ
3492;67066;AQ
3493;67067;AQ
3494;67068;AQ
3495;67069;AQ
3496;67100;AQ
3497;70010;BA
3498;70011;BA
3499;70013;BA
3500;70014;BA
3501;70015;BA
3502;70016;BA
3503;70017;BA
3504;70018;BA
3505;70019;BA
3506;70020;BA
3507;70021;BA
3508;70022;BA
3509;70023;BA
3510;70024;BA
3511;70025;BA
3512;70026;BA
3513;70027;BA
3514;70028;BA
3515;70029;BA
3516;70032;BA
3517;70033;BA
3518;70037;BA
3519;70038;BA
3520;70042;BA
3521;70043;BA
3522;70044;BA
3523;70054;BA
3524;70056;BA
3525;70121;BA
3526;70122;BA
3527;70123;BA
3528;70124;BA
3529;70125;BA
3530;70126;BA
3531;70127;BA
3532;70128;BA
3533;70129;BA
3534;70131;BA
3535;70132;BA
3536;71010;FG
3537;71011;FG
3538;71012;FG
3539;71013;FG
3540;71014;FG
3541;71015;FG
3542;71016;FG
3543;71017;FG
3544;71018;FG
3545;71019;FG
3546;71020;FG
3547;71021;FG
3548;71022;FG
3549;71023;FG
3550;71024;FG
3551;71025;FG
3552;71026;FG
3553;71027;FG
3554;71028;FG
3555;71029;FG
3556;71030;FG
3557;71031;FG
3558;71032;FG
3559;71033;FG
3560;71034;FG
3561;71035;FG
3562;71036;FG
3563;71037;FG
3564;71038;FG
3565;71039;FG
3566;71040;FG
3567;71041;FG
3568;71042;FG
3569;71043;FG
3570;71045;FG
3571;71047;FG
3572;71048;FG
3573;71051;FG
3574;71121;FG
3575;71122;FG
3576;72012;BR
3577;72013;BR
3578;72014;BR
3579;72015;BR
3580;72017;BR
3581;72018;BR
3582;72019;BR
3583;72020;BR
3584;72021;BR
3585;72022;BR
3586;72023;BR
3587;72024;BR
3588;72025;BR
3589;72026;BR
3590;72027;BR
3591;72028;BR
3592;72029;BR
3593;72100;BR
3594;73010;LE
3595;73011;LE
3596;73012;LE
3597;73013;LE
3598;73014;LE
3599;73015;LE
3600;73016;LE
3601;73017;LE
3602;73018;LE
3603;73019;LE
3604;73020;LE
3605;73021;LE
3606;73022;LE
3607;73023;LE
3608;73024;LE
3609;73025;LE
3610;73026;LE
3611;73027;LE
3612;73028;LE
3613;73029;LE
3614;73030;LE
3615;73031;LE
3616;73032;LE
3617;73033;LE
3618;73034;LE
3619;73035;LE
3620;73036;LE
3621;73037;LE
3622;73038;LE
3623;73039;LE
3624;73040;LE
3625;73041;LE
3626;73042;LE
3627;73043;LE
3628;73044;LE
3629;73045;LE
3630;73046;LE
3631;73047;LE
3632;73048;LE
3633;73049;LE
3634;73050;LE
3635;73051;LE
3636;73052;LE
3637;73053;LE
3638;73054;LE
3639;73055;LE
3640;73056;LE
3641;73057;LE
3642;73058;LE
3643;73059;LE
3644;73100;LE
3645;74010;TA
3646;74011;TA
3647;74012;TA
3648;74013;TA
3649;74014;TA
3650;74015;TA
3651;74016;TA
3652;74017;TA
3653;74018;TA
3654;74019;TA
3655;74020;TA
3656;74021;TA
3657;74022;TA
3658;74023;TA
3659;74024;TA
3660;74026;TA
3661;74027;TA
3662;74028;TA
3663;74121;TA
3664;74122;TA
3665;74123;TA
3666;75010;MT
3667;75011;MT
3668;75012;MT
3669;75013;MT
3670;75014;MT
3671;75015;MT
3672;75016;MT
3673;75017;MT
3674;75018;MT
3675;75019;MT
3676;75020;MT
3677;75021;MT
3678;75022;MT
3679;75023;MT
3680;75024;MT
3681;75025;MT
3682;75026;MT
3683;75027;MT
3684;75028;MT
3685;75029;MT
3686;75100;MT
3687;76011;BT
3688;76012;BT
3689;76013;BT
3690;76014;BT
3691;76015;BT
3692;76016;BT
3693;76017;BT
3694;76121;BT
3695;76123;BT
3696;76125;BT
3697;80010;NA
3698;80011;NA
3699;80012;NA
3700;80013;NA
3701;80014;NA
3702;80016;NA
3703;80017;NA
3704;80018;NA
3705;80019;NA
3706;80020;NA
3707;80021;NA
3708;80022;NA
3709;80023;NA
3710;80024;NA
3711;80025;NA
3712;80026;NA
3713;80027;NA
3714;80028;NA
3715;80029;NA
3716;80030;NA
3717;80031;NA
3718;80032;NA
3719;80033;NA
3720;80034;NA
3721;80035;NA
3722;80036;NA
3723;80038;NA
3724;80039;NA
3725;80040;NA
3726;80041;NA
3727;80042;NA
3728;80044;NA
3729;80045;NA
3730;80046;NA
3731;80047;NA
3732;80048;NA
3733;80049;NA
3734;80050;NA
3735;80051;NA
3736;80053;NA
3737;80054;NA
3738;80055;NA
3739;80056;NA
3740;80057;NA
3741;80058;NA
3742;80059;NA
3743;80061;NA
3744;80062;NA
3745;80063;NA
3746;80065;NA
3747;80067;NA
3748;80069;NA
3749;80070;NA
3750;80071;NA
3751;80072;NA
3752;80073;NA
3753;80074;NA
3754;80075;NA
3755;80076;NA
3756;80077;NA
3757;80078;NA
3758;80079;NA
3759;80081;NA
3760;80121;NA
3761;80122;NA
3762;80123;NA
3763;80124;NA
3764;80125;NA
3765;80126;NA
3766;80127;NA
3767;80128;NA
3768;80129;NA
3769;80131;NA
3770;80132;NA
3771;80133;NA
3772;80134;NA
3773;80135;NA
3774;80136;NA
3775;80137;NA
3776;80138;NA
3777;80139;NA
3778;80141;NA
3779;80142;NA
3780;80143;NA
3781;80144;NA
3782;80145;NA
3783;80146;NA
3784;80147;NA
3785;81010;CE
3786;81011;CE
3787;81012;CE
3788;81013;CE
3789;81014;CE
3790;81016;CE
3791;81017;CE
3792;81020;CE
3793;81021;CE
3794;81022;CE
3795;81023;CE
3796;81024;CE
3797;81025;CE
3798;81027;CE
3799;81028;CE
3800;81030;CE
3801;81031;CE
3802;81032;CE
3803;81033;CE
3804;81034;CE
3805;81035;CE
3806;81036;CE
3807;81037;CE
3808;81038;CE
3809;81039;CE
3810;81040;CE
3811;81041;CE
3812;81042;CE
3813;81043;CE
3814;81044;CE
3815;81046;CE
3816;81047;CE
3817;81049;CE
3818;81050;CE
3819;81051;CE
3820;81052;CE
3821;81053;CE
3822;81054;CE
3823;81055;CE
3824;81056;CE
3825;81057;CE
3826;81058;CE
3827;81059;CE
3828;81100;CE
3829;82010;BN
3830;82011;BN
3831;82013;BN
3832;82014;BN
3833;82015;BN
3834;82016;BN
3835;82017;BN
3836;82018;BN
3837;82019;BN
3838;82020;BN
3839;82021;BN
3840;82022;BN
3841;82023;BN
3842;82024;BN
3843;82025;BN
3844;82026;BN
3845;82027;BN
3846;82028;BN
3847;82029;BN
3848;82030;BN
3849;82031;BN
3850;82032;BN
3851;82033;BN
3852;82034;BN
3853;82036;BN
3854;82037;BN
3855;82038;BN
3856;82100;BN
3857;83010;AV
3858;83011;AV
3859;83012;AV
3860;83013;AV
3861;83014;AV
3862;83015;AV
3863;83016;AV
3864;83017;AV
3865;83018;AV
3866;83020;AV
3867;83021;AV
3868;83022;AV
3869;83023;AV
3870;83024;AV
3871;83025;AV
3872;83027;AV
3873;83028;AV
3874;83029;AV
3875;83030;AV
3876;83031;AV
3877;83032;AV
3878;83034;AV
3879;83035;AV
3880;83036;AV
3881;83037;AV
3882;83038;AV
3883;83039;AV
3884;83040;AV
3885;83041;AV
3886;83042;AV
3887;83043;AV
3888;83044;AV
3889;83045;AV
3890;83046;AV
3891;83047;AV
3892;83048;AV
3893;83049;AV
3894;83050;AV
3895;83051;AV
3896;83052;AV
3897;83053;AV
3898;83054;AV
3899;83055;AV
3900;83056;AV
3901;83057;AV
3902;83058;AV
3903;83059;AV
3904;83100;AV
3905;84010;SA
3906;84011;SA
3907;84012;SA
3908;84013;SA
3909;84014;SA
3910;84015;SA
3911;84016;SA
3912;84017;SA
3913;84018;SA
3914;84019;SA
3915;84020;SA
3916;84021;SA
3917;84022;SA
3918;84024;SA
3919;84025;SA
3920;84026;SA
3921;84027;SA
3922;84028;SA
3923;84029;SA
3924;84030;SA
3925;84031;SA
3926;84032;SA
3927;84033;SA
3928;84034;SA
3929;84035;SA
3930;84036;SA
3931;84037;SA
3932;84038;SA
3933;84039;SA
3934;84040;SA
3935;84042;SA
3936;84043;SA
3937;84044;SA
3938;84045;SA
3939;84046;SA
3940;84047;SA
3941;84048;SA
3942;84049;SA
3943;84050;SA
3944;84051;SA
3945;84052;SA
3946;84053;SA
3947;84055;SA
3948;84056;SA
3949;84057;SA
3950;84059;SA
3951;84060;SA
3952;84061;SA
3953;84062;SA
3954;84065;SA
3955;84066;SA
3956;84067;SA
3957;84068;SA
3958;84069;SA
3959;84070;SA
3960;84073;SA
3961;84074;SA
3962;84075;SA
3963;84076;SA
3964;84077;SA
3965;84078;SA
3966;84079;SA
3967;84080;SA
3968;84081;SA
3969;84082;SA
3970;84083;SA
3971;84084;SA
3972;84085;SA
3973;84086;SA
3974;84087;SA
3975;84088;SA
3976;84090;SA
3977;84091;SA
3978;84092;SA
3979;84095;SA
3980;84096;SA
3981;84098;SA
3982;84099;SA
3983;84121;SA
3984;84122;SA
3985;84123;SA
3986;84124;SA
3987;84125;SA
3988;84126;SA
3989;84127;SA
3990;84128;SA
3991;84129;SA
3992;84131;SA
3993;84132;SA
3994;84133;SA
3995;84134;SA
3996;84135;SA
3997;85010;PZ
3998;85011;PZ
3999;85012;PZ
4000;85013;PZ
4001;85014;PZ
4002;85015;PZ
4003;85016;PZ
4004;85017;PZ
4005;85018;PZ
4006;85020;PZ
4007;85021;PZ
4008;85022;PZ
4009;85023;PZ
4010;85024;PZ
4011;85025;PZ
4012;85026;PZ
4013;85027;PZ
4014;85028;PZ
4015;85029;PZ
4016;85030;PZ
4017;85031;PZ
4018;85032;PZ
4019;85033;PZ
4020;85034;PZ
4021;85035;PZ
4022;85036;PZ
4023;85037;PZ
4024;85038;PZ
4025;85039;PZ
4026;85040;PZ
4027;85042;PZ
4028;85043;PZ
4029;85044;PZ
4030;85046;PZ
4031;85047;PZ
4032;85048;PZ
4033;85049;PZ
4034;85050;PZ
4035;85051;PZ
4036;85052;PZ
4037;85053;PZ
4038;85054;PZ
4039;85055;PZ
4040;85056;PZ
4041;85057;PZ
4042;85058;PZ
4043;85059;PZ
4044;85100;PZ
4045;86010;CB
4046;86011;CB
4047;86012;CB
4048;86013;CB
4049;86014;CB
4050;86015;CB
4051;86016;CB
4052;86017;CB
4053;86018;CB
4054;86019;CB
4055;86020;CB
4056;86021;CB
4057;86022;CB
4058;86023;CB
4059;86024;CB
4060;86025;CB
4061;86026;CB
4062;86027;CB
4063;86028;CB
4064;86029;CB
4065;86030;CB
4066;86031;CB
4067;86032;CB
4068;86033;CB
4069;86034;CB
4070;86035;CB
4071;86036;CB
4072;86037;CB
4073;86038;CB
4074;86039;CB
4075;86040;CB
4076;86041;CB
4077;86042;CB
4078;86043;CB
4079;86044;CB
4080;86045;CB
4081;86046;CB
4082;86047;CB
4083;86048;CB
4084;86049;CB
4085;86070;IS
4086;86071;IS
4087;86072;IS
4088;86073;IS
4089;86074;IS
4090;86075;IS
4091;86077;IS
4092;86078;IS
4093;86079;IS
4094;86080;IS
4095;86081;IS
4096;86082;IS
4097;86083;IS
4098;86084;IS
4099;86085;IS
4100;86086;IS
4101;86087;IS
4102;86088;IS
4103;86089;IS
4104;86090;IS
4105;86091;IS
4106;86092;IS
4107;86093;IS
4108;86094;IS
4109;86095;IS
4110;86096;IS
4111;86097;IS
4112;86100;CB
4113;86170;IS
4114;87010;CS
4115;87011;CS
4116;87012;CS
4117;87013;CS
4118;87014;CS
4119;87015;CS
4120;87016;CS
4121;87017;CS
4122;87018;CS
4123;87019;CS
4124;87020;CS
4125;87021;CS
4126;87022;CS
4127;87023;CS
4128;87024;CS
4129;87026;CS
4130;87027;CS
4131;87028;CS
4132;87029;CS
4133;87030;CS
4134;87031;CS
4135;87032;CS
4136;87033;CS
4137;87034;CS
4138;87035;CS
4139;87036;CS
4140;87037;CS
4141;87038;CS
4142;87040;CS
4143;87041;CS
4144;87042;CS
4145;87043;CS
4146;87044;CS
4147;87045;CS
4148;87046;CS
4149;87047;CS
4150;87048;CS
4151;87050;CS
4152;87051;CS
4153;87053;CS
4154;87054;CS
4155;87055;CS
4156;87056;CS
4157;87057;CS
4158;87058;CS
4159;87059;CS
4160;87060;CS
4161;87061;CS
4162;87062;CS
4163;87064;CS
4164;87066;CS
4165;87069;CS
4166;87070;CS
4167;87071;CS
4168;87072;CS
4169;87073;CS
4170;87074;CS
4171;87075;CS
4172;87076;CS
4173;87100;CS
4174;88020;CZ
4175;88021;CZ
4176;88022;CZ
4177;88024;CZ
4178;88025;CZ
4179;88040;CZ
4180;88041;CZ
4181;88042;CZ
4182;88044;CZ
4183;88045;CZ
4184;88046;CZ
4185;88047;CZ
4186;88049;CZ
4187;88050;CZ
4188;88051;CZ
4189;88054;CZ
4190;88055;CZ
4191;88056;CZ
4192;88060;CZ
4193;88062;CZ
4194;88064;CZ
4195;88065;CZ
4196;88067;CZ
4197;88068;CZ
4198;88069;CZ
4199;88070;CZ
4200;88071;CZ
4201;88100;CZ
4202;88811;KR
4203;88812;KR
4204;88813;KR
4205;88814;KR
4206;88816;KR
4207;88817;KR
4208;88818;KR
4209;88819;KR
4210;88821;KR
4211;88822;KR
4212;88823;KR
4213;88824;KR
4214;88825;KR
4215;88831;KR
4216;88832;KR
4217;88833;KR
4218;88834;KR
4219;88835;KR
4220;88836;KR
4221;88837;KR
4222;88838;KR
4223;88841;KR
4224;88842;KR
4225;88900;KR
4226;89010;RC
4227;89011;RC
4228;89012;RC
4229;89013;RC
4230;89014;RC
4231;89015;RC
4232;89016;RC
4233;89017;RC
4234;89018;RC
4235;89020;RC
4236;89021;RC
4237;89022;RC
4238;89023;RC
4239;89024;RC
4240;89025;RC
4241;89026;RC
4242;89027;RC
4243;89028;RC
4244;89029;RC
4245;89030;RC
4246;89031;RC
4247;89032;RC
4248;89033;RC
4249;89034;RC
4250;89035;RC
4251;89036;RC
4252;89038;RC
4253;89039;RC
4254;89040;RC
4255;89041;RC
4256;89042;RC
4257;89043;RC
4258;89044;RC
4259;89045;RC
4260;89046;RC
4261;89047;RC
4262;89048;RC
4263;89049;RC
4264;89050;RC
4265;89052;RC
4266;89054;RC
4267;89056;RC
4268;89057;RC
4269;89058;RC
4270;89060;RC
4271;89063;RC
4272;89064;RC
4273;89065;RC
4274;89069;RC
4275;89121;RC
4276;89122;RC
4277;89123;RC
4278;89124;RC
4279;89125;RC
4280;89126;RC
4281;89127;RC
4282;89128;RC
4283;89129;RC
4284;89131;RC
4285;89132;RC
4286;89133;RC
4287;89134;RC
4288;89135;RC
4289;89812;VV
4290;89813;VV
4291;89814;VV
4292;89815;VV
4293;89816;VV
4294;89817;VV
4295;89818;VV
4296;89819;VV
4297;89821;VV
4298;89822;VV
4299;89823;VV
4300;89824;VV
4301;89831;VV
4302;89832;VV
4303;89833;VV
4304;89834;VV
4305;89841;VV
4306;89842;VV
4307;89843;VV
4308;89844;VV
4309;89851;VV
4310;89852;VV
4311;89853;VV
4312;89861;VV
4313;89862;VV
4314;89863;VV
4315;89864;VV
4316;89866;VV
4317;89867;VV
4318;89868;VV
4319;89900;VV
4320;90010;PA
4321;90011;PA
4322;90012;PA
4323;90013;PA
4324;90014;PA
4325;90015;PA
4326;90016;PA
4327;90017;PA
4328;90018;PA
4329;90019;PA
4330;90020;PA
4331;90021;PA
4332;90022;PA
4333;90023;PA
4334;90024;PA
4335;90025;PA
4336;90026;PA
4337;90027;PA
4338;90028;PA
4339;90029;PA
4340;90030;PA
4341;90031;PA
4342;90032;PA
4343;90033;PA
4344;90034;PA
4345;90035;PA
4346;90036;PA
4347;90037;PA
4348;90038;PA
4349;90039;PA
4350;90040;PA
4351;90041;PA
4352;90042;PA
4353;90043;PA
4354;90044;PA
4355;90045;PA
4356;90046;PA
4357;90047;PA
4358;90048;PA
4359;90049;PA
4360;90051;PA
4361;90121;PA
4362;90123;PA
4363;90124;PA
4364;90125;PA
4365;90126;PA
4366;90127;PA
4367;90128;PA
4368;90129;PA
4369;90131;PA
4370;90133;PA
4371;90134;PA
4372;90135;PA
4373;90136;PA
4374;90138;PA
4375;90139;PA
4376;90141;PA
4377;90142;PA
4378;90143;PA
4379;90144;PA
4380;90145;PA
4381;90146;PA
4382;90147;PA
4383;90149;PA
4384;90151;PA
4385;91010;TP
4386;91011;TP
4387;91012;TP
4388;91013;TP
4389;91014;TP
4390;91015;TP
4391;91016;TP
4392;91017;TP
4393;91018;TP
4394;91019;TP
4395;91020;TP
4396;91021;TP
4397;91022;TP
4398;91023;TP
4399;91024;TP
4400;91025;TP
4401;91026;TP
4402;91027;TP
4403;91028;TP
4404;91029;TP
4405;91031;TP
4406;91100;TP
4407;92010;AG
4408;92011;AG
4409;92012;AG
4410;92013;AG
4411;92014;AG
4412;92015;AG
4413;92016;AG
4414;92017;AG
4415;92018;AG
4416;92019;AG
4417;92020;AG
4418;92021;AG
4419;92022;AG
4420;92023;AG
4421;92024;AG
4422;92025;AG
4423;92026;AG
4424;92027;AG
4425;92028;AG
4426;92029;AG
4427;92031;AG
4428;92100;AG
4429;93010;CL
4430;93011;CL
4431;93012;CL
4432;93013;CL
4433;93014;CL
4434;93015;CL
4435;93016;CL
4436;93017;CL
4437;93018;CL
4438;93019;CL
4439;93100;CL
4440;94010;EN
4441;94011;EN
4442;94012;EN
4443;94013;EN
4444;94014;EN
4445;94015;EN
4446;94016;EN
4447;94017;EN
4448;94018;EN
4449;94019;EN
4450;94100;EN
4451;95010;CT
4452;95011;CT
4453;95012;CT
4454;95013;CT
4455;95014;CT
4456;95015;CT
4457;95016;CT
4458;95017;CT
4459;95018;CT
4460;95019;CT
4461;95020;CT
4462;95021;CT
4463;95022;CT
4464;95024;CT
4465;95025;CT
4466;95027;CT
4467;95028;CT
4468;95029;CT
4469;95030;CT
4470;95031;CT
4471;95032;CT
4472;95033;CT
4473;95034;CT
4474;95035;CT
4475;95036;CT
4476;95037;CT
4477;95038;CT
4478;95039;CT
4479;95040;CT
4480;95041;CT
4481;95042;CT
4482;95043;CT
4483;95044;CT
4484;95045;CT
4485;95046;CT
4486;95047;CT
4487;95048;CT
4488;95049;CT
4489;95121;CT
4490;95122;CT
4491;95123;CT
4492;95124;CT
4493;95125;CT
4494;95126;CT
4495;95127;CT
4496;95128;CT
4497;95129;CT
4498;95131;CT
4499;96010;SR
4500;96011;SR
4501;96012;SR
4502;96013;SR
4503;96014;SR
4504;96015;SR
4505;96016;SR
4506;96017;SR
4507;96018;SR
4508;96019;SR
4509;96100;SR
4510;97010;RG
4511;97011;RG
4512;97012;RG
4513;97013;RG
4514;97014;RG
4515;97015;RG
4516;97016;RG
4517;97017;RG
4518;97018;RG
4519;97019;RG
4520;97100;RG
4521;98020;ME
4522;98021;ME
4523;98022;ME
4524;98023;ME
4525;98025;ME
4526;98026;ME
4527;98027;ME
4528;98028;ME
4529;98029;ME
4530;98030;ME
4531;98031;ME
4532;98032;ME
4533;98033;ME
4534;98034;ME
4535;98035;ME
4536;98036;ME
4537;98037;ME
4538;98038;ME
4539;98039;ME
4540;98040;ME
4541;98041;ME
4542;98042;ME
4543;98043;ME
4544;98044;ME
4545;98045;ME
4546;98046;ME
4547;98047;ME
4548;98048;ME
4549;98049;ME
4550;98050;ME
4551;98051;ME
4552;98053;ME
4553;98054;ME
4554;98055;ME
4555;98056;ME
4556;98057;ME
4557;98058;ME
4558;98059;ME
4559;98060;ME
4560;98061;ME
4561;98062;ME
4562;98063;ME
4563;98064;ME
4564;98065;ME
4565;98066;ME
4566;98067;ME
4567;98068;ME
4568;98069;ME
4569;98070;ME
4570;98071;ME
4571;98072;ME
4572;98073;ME
4573;98074;ME
4574;98075;ME
4575;98076;ME
4576;98077;ME
4577;98078;ME
4578;98079;ME
4579;98121;ME
4580;98122;ME
4581;98123;ME
4582;98124;ME
4583;98125;ME
4584;98126;ME
4585;98127;ME
4586;98128;ME
4587;98129;ME
4588;98131;ME
4589;98132;ME
4590;98133;ME
4591;98134;ME
4592;98135;ME
4593;98136;ME
4594;98137;ME
4595;98138;ME
4596;98139;ME
4597;98141;ME
4598;98142;ME
4599;98143;ME
4600;98144;ME
4601;98145;ME
4602;98146;ME
4603;98147;ME
4604;98148;ME
4605;98149;ME
4606;98151;ME
4607;98152;ME
4608;98153;ME
4609;98154;ME
4610;98155;ME
4611;98156;ME
4612;98157;ME
4613;98158;ME
4614;98161;ME
4615;98162;ME
4616;98163;ME
4617;98164;ME
4618;98165;ME
4619;98166;ME
4620;98167;ME
4621;98168;ME
